Dice_ET,HD95_ET,Dice_TC,HD95_TC,Dice_WT,HD95_WT,Dice_Mean,Patient_ID,group
0.8820712519075935,4.242640687119285,0.905613818630475,2.8284271247461903,0.9259917988241688,2.23606797749979,0.9045589564540791,BraTS-SSA-00009-000,other_neoplasm
0.8582759340429973,7.324543459675354,0.872248508537338,7.54983443527075,0.870219690805533,3.4641016151377544,0.8669147111286227,BraTS-SSA-00018-000,other_neoplasm
0.04809124569093927,17.52141546793523,0.0660008423079237,17.97220075561143,0.8192829958182587,33.06055050963308,0.31112502793904057,BraTS-SSA-00040-000,other_neoplasm
0.9654119710304959,1.4142135623730951,0.9673166712441637,1.0,0.9650779036166315,1.7320508075688772,0.9659355152970971,BraTS-SSA-00045-000,other_neoplasm
0.40988227491294976,92.44457799135652,0.4081094445360145,92.44457799135652,0.8942047804549608,63.474404290233394,0.5707321666346417,BraTS-SSA-00062-000,other_neoplasm
1.0,0.0,0.0,,0.9350055922530566,2.23606797749979,0.6450018640843522,BraTS-SSA-00073-000,other_neoplasm
0.9122434817091306,1.4142135623730951,0.9512315308280709,2.23606797749979,0.9571479203785658,2.0,0.9402076443052557,BraTS-SSA-00089-000,other_neoplasm
0.897607780060805,7.0,0.9487749770528843,2.8284271247461903,0.9443463705224957,2.23606797749979,0.930243042545395,BraTS-SSA-00091-000,other_neoplasm
0.9335913299556144,2.23606797749979,0.9366335988532147,2.449489742783178,0.8855910481920848,6.708203932499369,0.9186053256669714,BraTS-SSA-00105-000,other_neoplasm
0.5750108886026448,36.45545226711637,0.5970098780813384,37.36843386563284,0.8351723896040125,21.0,0.669064385429332,BraTS-SSA-00106-000,other_neoplasm
0.589085133906272,56.755175888244224,0.7194067274388559,60.754423155396665,0.8728728806332323,51.088159097779204,0.7271215806594534,BraTS-SSA-00108-000,other_neoplasm
0.864338866628506,3.1622776601683795,0.8978143627590122,3.3166247903554,0.8463177115033476,4.242640687119285,0.8694903136302886,BraTS-SSA-00111-000,other_neoplasm
0.8548788810792126,35.06849697516458,0.8873246787135495,42.018447912235764,0.9265498284746444,23.173260452512935,0.8895844627558022,BraTS-SSA-00114-000,other_neoplasm
0.8848617384119332,5.0,0.9101592115238817,4.0,0.9515017509391706,3.3166247903554,0.9155075669583285,BraTS-SSA-00123-000,other_neoplasm
0.8338046913991016,2.0,0.6166029174362629,15.811388300841896,0.94404840172053,3.0,0.7981520035186316,BraTS-SSA-00124-000,other_neoplasm
0.0,,0.16213560432361612,9.695359714832659,0.35945945945945945,28.30194339616981,0.17386502126102518,BraTS-SSA-00128-000,other_neoplasm
0.5831212061875857,13.152946437965905,0.3981150574021949,27.32764070344537,0.4144941456275156,25.15949125081825,0.46524346973909875,BraTS-SSA-00147-000,other_neoplasm
0.943017905993534,2.0,0.9444478908188586,1.7320508075688772,0.888654015979084,23.53720459187964,0.9253732709304923,BraTS-SSA-00149-000,other_neoplasm
0.943289426084736,1.4142135623730951,0.9528054644132153,1.4142135623730951,0.8273434930380441,9.173310350018841,0.9078127945119986,BraTS-SSA-00151-000,other_neoplasm
0.0,74.98733170317931,0.0,75.43871685016919,0.3752382511488675,57.34980383575867,0.1250794170496225,BraTS-SSA-00153-000,other_neoplasm
0.3613882793856207,40.43513323831146,0.36719472447510043,40.35529486613469,0.8311540412667847,16.0,0.5199123483758353,BraTS-SSA-00156-000,other_neoplasm
0.8559487147256615,5.0990195135927845,0.8494646581691773,12.36931687685298,0.9502610670817768,3.1622776601683795,0.8852248133255385,BraTS-SSA-00164-000,other_neoplasm
0.2439076019368666,19.0,0.2724703808363363,18.788294228055936,0.8140726110763203,7.0710678118654755,0.4434835312831744,BraTS-SSA-00165-000,other_neoplasm
0.9093456936509647,2.23606797749979,0.8944461810982599,3.0,0.8616912405715802,3.3166247903554,0.8884943717736015,BraTS-SSA-00166-000,other_neoplasm
0.8129462160875773,3.7416573867739413,0.8310348693799753,4.123105625617661,0.7842318235217335,6.164414002968976,0.8094043029964287,BraTS-SSA-00168-000,other_neoplasm
0.9791088109063368,1.0,0.9769026410376621,1.0,0.9366460533756544,3.605551275463989,0.9642191684398845,BraTS-SSA-00170-000,other_neoplasm
0.8242213703881169,5.830951894845301,0.8413625585564745,5.860746655734188,0.8943414309267967,3.4641016151377544,0.8533084532904627,BraTS-SSA-00177-000,other_neoplasm
0.9254555494202098,2.0,0.8895256065317912,5.196152422706632,0.9103959342238306,3.7416573867739413,0.9084590300586105,BraTS-SSA-00181-000,other_neoplasm
0.9340311910518345,2.0,0.9442961243309473,2.0,0.9651003155181965,1.4142135623730951,0.947809210300326,BraTS-SSA-00182-000,other_neoplasm
0.4444983795668375,18.906343563021196,0.5192134401501031,18.85205111449529,0.8805205227256634,10.954451150103322,0.6147441141475346,BraTS-SSA-00183-000,other_neoplasm
0.9452730702871793,1.7320508075688772,0.86663269762702,7.280109889280518,0.9048982625203845,6.324555320336759,0.9056013434781945,BraTS-SSA-00185-000,other_neoplasm
0.8938914577756145,1.4142135623730951,0.9360757138870802,2.449489742783178,0.779791816223977,20.024984394500787,0.8699196626288904,BraTS-SSA-00186-000,other_neoplasm
0.8642014327855035,73.35529974037323,0.8675282855417786,73.5187051028512,0.8471057272099977,71.55382519484644,0.8596118151790932,BraTS-SSA-00187-000,other_neoplasm
0.8663867117768068,4.69041575982343,0.8828085438440657,5.0,0.9164895032743738,4.0,0.8885615862984154,BraTS-SSA-00190-000,other_neoplasm
0.9340666603026809,2.449489742783178,0.9433684152523694,3.0,0.9215671490299568,4.47213595499958,0.9330007415283358,BraTS-SSA-00191-000,other_neoplasm
0.865412718615943,3.7416573867739413,0.8815457340860067,3.7416573867739413,0.745284628362368,14.696938456699069,0.8307476936881059,BraTS-SSA-00193-000,other_neoplasm
0.7360733431745785,6.4031242374328485,0.7640987284966343,6.708203932499369,0.8190198046910651,8.17922133514878,0.773063958787426,BraTS-SSA-00196-000,other_neoplasm
0.8675229357798165,3.1622776601683795,0.9108553922026489,3.1622776601683795,0.8998600970576662,4.898979485566356,0.8927461416800438,BraTS-SSA-00197-000,other_neoplasm
0.0,,0.0,75.24161076642923,0.4165055464189375,46.281745861624536,0.13883518213964582,BraTS-SSA-00200-000,other_neoplasm
0.6237965131407754,79.91245209602819,0.7656029232643118,81.4186710773395,0.7678085387666226,72.45377828804487,0.7190693250572365,BraTS-SSA-00201-000,other_neoplasm
0.7049164328412834,5.656854249492381,0.7975028079064086,12.36931687685298,0.9068544176382564,7.681145747868608,0.8030912194619827,BraTS-SSA-00203-000,other_neoplasm
0.8986264990248558,2.23606797749979,0.9410238110685785,2.8284271247461903,0.9577810876294675,1.4142135623730951,0.9324771325743005,BraTS-SSA-00204-000,other_neoplasm
0.9003005267788786,2.0,0.9597875639490079,1.4142135623730951,0.9530069562220549,2.23606797749979,0.9376983489833138,BraTS-SSA-00205-000,other_neoplasm
0.0,,0.0,,0.0,,0.0,BraTS-SSA-00208-000,other_neoplasm
0.9024888608848283,2.8284271247461903,0.9198789169608492,2.8284271247461903,0.9079793496965854,3.7416573867739413,0.9101157091807544,BraTS-SSA-00209-000,other_neoplasm
0.8767801657172449,2.8284271247461903,0.8906954627726478,2.8284271247461903,0.879497226604244,3.0,0.8823242850313789,BraTS-SSA-00211-000,other_neoplasm
0.8408102798621623,4.123105625617661,0.6146298184514745,23.03801014931504,0.9324887766124103,4.358898943540674,0.7959762916420156,BraTS-SSA-00216-000,other_neoplasm
0.05956909181328208,47.138094997570704,0.06569797993376432,48.53246309974078,0.7210038685348331,31.064449134018133,0.2820903134272932,BraTS-SSA-00222-000,other_neoplasm
0.7133049296711259,14.247806848775006,0.732188865581167,14.45683229480096,0.8081956055527731,12.0,0.7512298002683554,BraTS-SSA-00224-000,other_neoplasm
1.0,0.0,1.0,0.0,0.0,,0.6666666666666666,BraTS-SSA-00229-000,other_neoplasm
0.8454590014704852,3.1622776601683795,0.9665907832400172,1.0,0.8869043696039016,2.23606797749979,0.899651384771468,BraTS-SSA-00231-000,other_neoplasm
0.5928661677519681,86.32786296742188,0.6161239420456176,87.99942992851123,0.8686060841596056,47.383541258401024,0.6925320646523971,BraTS-SSA-00002-000,glioma
0.8926312673251339,2.0,0.9663229556132934,2.0,0.9559263447048797,2.8284271247461903,0.938293522547769,BraTS-SSA-00007-000,glioma
0.873279420279028,1.7320508075688772,0.8976970245600422,4.123105625617661,0.9678694001681222,2.0,0.9129486150023974,BraTS-SSA-00008-000,glioma
0.7849769070699893,5.0990195135927845,0.9170282609515904,4.0,0.952958747796995,2.23606797749979,0.8849879719395249,BraTS-SSA-00010-000,glioma
0.8824376287062854,1.4142135623730951,0.9386153651436527,2.8284271247461903,0.9745957760954215,1.4142135623730951,0.9318829233151199,BraTS-SSA-00011-000,glioma
0.9002612057256295,1.4142135623730951,0.9589507205071905,1.4142135623730951,0.9677787008493021,1.4142135623730951,0.9423302090273741,BraTS-SSA-00012-000,glioma
0.8973311199080577,2.0,0.9296069204810115,2.0,0.960192340717843,2.0,0.9290434603689707,BraTS-SSA-00014-000,glioma
0.6980864980962609,6.164414002968976,0.926009601807399,6.164414002968976,0.9492589188081338,4.358898943540674,0.8577850062372646,BraTS-SSA-00015-000,glioma
0.7184466019417476,13.152946437965905,0.8039536992913471,12.727922061357855,0.9666126276992266,2.23606797749979,0.8296709763107737,BraTS-SSA-00025-000,glioma
0.8766912581536446,2.0,0.9067792300259371,2.23606797749979,0.8485029609739949,13.416407864998739,0.8773244830511921,BraTS-SSA-00026-000,glioma
0.8044501837687493,5.477225575051661,0.6466354581262502,16.167862275337498,0.9625739491437467,2.449489742783178,0.8045531970129155,BraTS-SSA-00028-000,glioma
0.9332491050747526,1.7320508075688772,0.9625126646403243,1.0,0.9415243727940475,2.449489742783178,0.9457620475030414,BraTS-SSA-00037-000,glioma
0.8353924687430643,2.23606797749979,0.8957590170432025,2.23606797749979,0.9129864526706359,4.242640687119285,0.8813793128189676,BraTS-SSA-00041-000,glioma
0.8364004806899314,82.15229759416349,0.9047611562583505,86.1437749345929,0.8887521345490865,72.59579863687624,0.8766379238324561,BraTS-SSA-00044-000,glioma
0.011041009463722398,21.62521394905057,0.003745318352059925,20.924863850042925,0.9659163287815942,1.7320508075688772,0.32690088553245883,BraTS-SSA-00046-000,glioma
0.7111055527763882,4.0,0.7897323295692179,3.7416573867739413,0.8426093379861942,3.3166247903554,0.7811490734439334,BraTS-SSA-00047-000,glioma
0.8491635464257498,3.3166247903554,0.9097087242878917,3.7416573867739413,0.9729763963656737,1.4142135623730951,0.9106162223597717,BraTS-SSA-00049-000,glioma
0.39544463290525805,15.279061980710821,0.4042900442993705,15.132745950421556,0.9553496599017443,2.23606797749979,0.5850281123687909,BraTS-SSA-00050-000,glioma
0.8612682926829268,13.341664064126334,0.8643022918479838,13.70761407033791,0.964621250421301,1.4142135623730951,0.8967306116507373,BraTS-SSA-00051-000,glioma
0.943905221237167,1.4142135623730951,0.9615205441162769,1.4142135623730951,0.9565014993228864,1.7320508075688772,0.9539757548921101,BraTS-SSA-00055-000,glioma
0.40701246160377597,23.62202362203543,0.6292747434599842,14.177446878757825,0.9472738650960713,2.8284271247461903,0.6611870233866105,BraTS-SSA-00056-000,glioma
0.7679840990749943,5.385164807134504,0.8946394496968211,5.0990195135927845,0.9696528685594547,2.23606797749979,0.8774254724437567,BraTS-SSA-00057-000,glioma
0.8564338603161897,2.0,0.8915097290871551,2.8284271247461903,0.9548537698393716,1.7320508075688772,0.9009324530809054,BraTS-SSA-00068-000,glioma
0.7382691932017972,6.4031242374328485,0.8163765312701483,7.0,0.9175611647547263,3.0,0.8240689630755572,BraTS-SSA-00074-000,glioma
0.7177373791086443,14.035668847618199,0.47620114513318396,17.0,0.9044879012482127,6.708203932499369,0.699475475163347,BraTS-SSA-00076-000,glioma
0.9500280741156654,1.0,0.9801966092035903,1.0,0.9671992740426015,2.0,0.9658079857872858,BraTS-SSA-00078-000,glioma
0.9719677906391545,4.123105625617661,0.9798032623583613,1.0,0.9624838880885587,1.4142135623730951,0.9714183136953581,BraTS-SSA-00080-000,glioma
0.07234042553191489,71.46607537497502,0.05307131591286926,57.47999517267454,0.7278090251906165,38.63935817272331,0.28440692221180025,BraTS-SSA-00081-000,glioma
0.0,,0.5021357380161366,7.010660171779811,0.8845756992665719,4.242640687119285,0.46223714576090286,BraTS-SSA-00092-000,glioma
0.867152466367713,1.7320508075688772,0.22328057150861466,50.96076922496363,0.926994732311386,6.782329983125268,0.6724759233959046,BraTS-SSA-00093-000,glioma
0.6667671924163374,3.3166247903554,0.9250185597624351,4.0,0.905287939152481,5.916079783099616,0.8323578971104179,BraTS-SSA-00095-000,glioma
0.7381033118571267,8.12403840463596,0.16631054383860183,40.162171256046406,0.9427987047973762,5.0,0.6157375201643682,BraTS-SSA-00096-000,glioma
0.8403674610571162,2.23606797749979,0.5334895985936127,7.0,0.9553474478609792,2.23606797749979,0.7764015025039027,BraTS-SSA-00097-000,glioma
0.0,,0.0,,0.12637942894790385,41.44876355212541,0.04212647631596795,BraTS-SSA-00110-000,glioma
0.885437360785022,2.0,0.8971008803902877,2.23606797749979,0.80501003753164,10.488088481701515,0.8625160929023167,BraTS-SSA-00112-000,glioma
0.651898601910096,11.74734012447073,0.888326434838969,7.3484692283495345,0.9162180467918065,5.0,0.8188143611802906,BraTS-SSA-00113-000,glioma
0.4398795795342688,22.494443758403985,0.7269849301206137,14.177446878757825,0.9117186713408327,4.58257569495584,0.6928610603319051,BraTS-SSA-00115-000,glioma
0.8363805873517377,3.0,0.9174966438662661,3.1622776601683795,0.9514726598552438,2.23606797749979,0.9017832970244158,BraTS-SSA-00116-000,glioma
0.45900084843040373,47.138094997570704,0.8353827612072381,57.0350769263968,0.8832531799181985,42.818220038620275,0.7258789298519468,BraTS-SSA-00117-000,glioma
0.7070792708774905,4.69041575982343,0.7306064880112835,4.58257569495584,0.8415387997362057,6.557438524302,0.7597415195416599,BraTS-SSA-00119-000,glioma
0.694092005915778,6.708203932499369,0.7678024140999254,8.06225774829855,0.9521907800451677,4.242640687119285,0.804695066686957,BraTS-SSA-00120-000,glioma
0.33088340279713624,33.0,0.6474253853722532,16.0312195418814,0.9016935647858041,5.0990195135927845,0.6266674509850646,BraTS-SSA-00121-000,glioma
0.9255210447489607,1.4142135623730951,0.9743727598566309,1.0,0.9675682710590386,1.4142135623730951,0.9558206918882101,BraTS-SSA-00122-000,glioma
0.8704211020663745,4.006155281280794,0.920053750691645,20.700238021392593,0.918196006863094,15.165750888103101,0.9028902865403712,BraTS-SSA-00125-000,glioma
0.7330971462640021,7.681145747868608,0.9307114280869976,4.123105625617661,0.9456982765350288,3.0,0.8698356169620095,BraTS-SSA-00126-000,glioma
0.9358946397114336,2.23606797749979,0.938680433140267,2.23606797749979,0.9276456937694295,8.246211251235321,0.9340735888737101,BraTS-SSA-00127-000,glioma
0.8695840554592721,1.4142135623730951,0.8716508210890234,1.4142135623730951,0.9120984804770148,1.4142135623730951,0.88444445234177,BraTS-SSA-00129-000,glioma
0.4089111062812432,21.213203435596427,0.39684714936561816,22.737634001804146,0.8153598926978561,15.556349186104045,0.5403727161149058,BraTS-SSA-00130-000,glioma
0.9186234817813765,2.0,0.9547166311102866,3.0,0.9703353997247444,1.4142135623730951,0.9478918375388025,BraTS-SSA-00131-000,glioma
0.8996009958053405,1.4142135623730951,0.9426222343341063,3.0,0.9566762846212223,3.0,0.932966504920223,BraTS-SSA-00132-000,glioma
0.8290730732781805,3.0,0.9072415146864627,5.916079783099616,0.9593937260656231,2.23606797749979,0.8985694380100888,BraTS-SSA-00133-000,glioma
0.0,,0.0,64.68616520968025,0.9601101484666242,4.123105625617661,0.3200367161555414,BraTS-SSA-00134-000,glioma
0.6474219386112742,51.43053559409031,0.7934504666470887,56.10704055642215,0.931559225029878,41.20740216282182,0.7908105434294136,BraTS-SSA-00135-000,glioma
0.8788407220925949,2.23606797749979,0.9230431248489641,2.23606797749979,0.9679188260953818,1.7320508075688772,0.9232675576789803,BraTS-SSA-00136-000,glioma
0.9538089480048367,1.4142135623730951,0.9574518659377228,1.4142135623730951,0.9228522643521888,40.82891132518721,0.9447043594315828,BraTS-SSA-00137-000,glioma
0.9011041651696965,1.7320508075688772,0.7917392781991858,13.379088160259652,0.9558613873947869,2.23606797749979,0.8829016102545565,BraTS-SSA-00138-000,glioma
0.7734421491116212,4.123105625617661,0.5212601136168015,20.09975124224178,0.9492566770642884,3.0,0.7479863132642369,BraTS-SSA-00139-000,glioma
0.8089100615696361,9.16515138991168,0.8528057643998248,10.246950765959598,0.8971230321081399,8.18535277187245,0.8529462860258669,BraTS-SSA-00140-000,glioma
0.8848187148865625,2.0,0.904764542936288,6.4031242374328485,0.9605170668966514,2.23606797749979,0.9167001082398339,BraTS-SSA-00141-000,glioma
0.8805161900135874,2.23606797749979,0.9023507587507222,6.0,0.9212984874692001,6.0,0.9013884787445031,BraTS-SSA-00143-000,glioma
0.8444206828076071,6.618087369429054,0.8619344239852146,6.708203932499369,0.8754626120301422,6.678222191783969,0.8606059062743213,BraTS-SSA-00144-000,glioma
0.9699179580674567,1.0,0.968504358055719,1.0,0.8834844969415735,6.164414002968976,0.9406356043549163,BraTS-SSA-00146-000,glioma
0.9117474353217505,1.4142135623730951,0.9492760724172566,2.0,0.9440038390786212,2.449489742783178,0.9350091156058761,BraTS-SSA-00148-000,glioma
0.9250198288939713,1.4142135623730951,0.9736546750887847,1.4142135623730951,0.9629063805654896,1.4142135623730951,0.9538602948494151,BraTS-SSA-00150-000,glioma
0.8768924437244777,3.0,0.9199661504744003,4.47213595499958,0.9267092384767002,8.94427190999916,0.9078559442251928,BraTS-SSA-00152-000,glioma
0.8046806615580706,3.7416573867739413,0.9200299433215698,4.242640687119285,0.9456901883934816,3.605551275463989,0.8901335977577074,BraTS-SSA-00154-000,glioma
0.8814694173000361,2.23606797749979,0.9400088530624607,1.7320508075688772,0.9722615914152662,1.0,0.9312466205925877,BraTS-SSA-00155-000,glioma
0.8663257503345441,5.916079783099616,0.8195425496131853,9.1104335791443,0.8440005389746008,5.830951894845301,0.8432896129741101,BraTS-SSA-00157-000,glioma
0.8459803302354958,2.8284271247461903,0.8717331255754657,3.3166247903554,0.8489673700117535,5.0,0.8555602752742383,BraTS-SSA-00158-000,glioma
0.8365028025671855,2.449489742783178,0.9323113573981046,3.605551275463989,0.8446277561304995,20.12461179749811,0.8711473053652631,BraTS-SSA-00161-000,glioma
0.8827055549999706,2.8284271247461903,0.936186492931484,4.58257569495584,0.936622613224894,4.69041575982343,0.9185048870521163,BraTS-SSA-00163-000,glioma
0.9359372261117928,3.605551275463989,0.9532212067176559,4.0,0.9551651045686024,3.3166247903554,0.9481078457993504,BraTS-SSA-00169-000,glioma
0.9301480399008831,1.7320508075688772,0.916492620841651,4.123105625617661,0.9110027707541599,4.47213595499958,0.9192144771655647,BraTS-SSA-00171-000,glioma
0.950920245398773,1.4142135623730951,0.9717169930232301,1.7320508075688772,0.9754056963883723,1.4142135623730951,0.9660143116034584,BraTS-SSA-00174-000,glioma
0.853036603036603,3.7416573867739413,0.9361312777882507,5.385164807134504,0.9575721958902684,2.8284271247461903,0.9155800255717074,BraTS-SSA-00175-000,glioma
0.8061130628484036,2.23606797749979,0.9345188568942545,3.0,0.9464217343489063,3.4641016151377544,0.8956845513638548,BraTS-SSA-00179-000,glioma
0.8471058289738771,5.385164807134504,0.846638425585794,5.0,0.8715642466127387,4.0,0.8551028337241368,BraTS-SSA-00180-000,glioma
0.9252597429263685,1.4142135623730951,0.9412693677727281,1.7320508075688772,0.9648558520588866,1.4142135623730951,0.9437949875859943,BraTS-SSA-00188-000,glioma
0.9023496623208526,2.449489742783178,0.9315523356727794,4.123105625617661,0.9263582015046887,5.0990195135927845,0.9200867331661069,BraTS-SSA-00192-000,glioma
0.8803107669003933,2.23606797749979,0.9215381522377903,5.385164807134504,0.9588140266069776,2.23606797749979,0.9202209819150537,BraTS-SSA-00198-000,glioma
0.48395998620213865,8.602325267042627,0.6775588512957944,10.954451150103322,0.790354295774148,17.46424919657298,0.6506243777573603,BraTS-SSA-00202-000,glioma
0.5826888919251264,9.1104335791443,0.8255622541090903,8.0,0.9425868137742697,4.898979485566356,0.7836126532694955,BraTS-SSA-00206-000,glioma
0.6788253343993776,8.06225774829855,0.7460539160471578,7.14142842854285,0.8764462006694128,8.48528137423857,0.767108483705316,BraTS-SSA-00207-000,glioma
0.7958922040943012,24.24871130596428,0.9042534152597984,30.870698080866262,0.8928893677357219,7.874007874011811,0.8643449956966073,BraTS-SSA-00210-000,glioma
0.3551575260520521,53.67494760127857,0.48337230692482774,55.87486017879597,0.6214261595294853,55.362442142665635,0.4866519975021217,BraTS-SSA-00213-000,glioma
0.0,,0.0,,0.0,,0.0,BraTS-SSA-00215-000,glioma
0.8949868226707984,2.23606797749979,0.9405996231695627,2.449489742783178,0.8839701680154991,4.69041575982343,0.9065188712852867,BraTS-SSA-00218-000,glioma
0.9399596367305751,1.4142135623730951,0.9524985633413623,2.23606797749979,0.9370565745054268,3.3166247903554,0.943171591525788,BraTS-SSA-00220-000,glioma
0.9420944949326735,1.4142135623730951,0.946505933320776,1.0,0.9662137200753489,1.4142135623730951,0.9516047161095994,BraTS-SSA-00221-000,glioma
0.7974785740901751,4.358898943540674,0.8306143376526521,5.196152422706632,0.9622310967109973,2.0,0.8634413361512747,BraTS-SSA-00223-000,glioma
0.9200741272118603,2.8284271247461903,0.9497302531470466,1.4142135623730951,0.9517500015522454,2.449489742783178,0.9405181273037174,BraTS-SSA-00225-000,glioma
0.8841641186091161,1.4142135623730951,0.9386385981146261,1.7320508075688772,0.8653786364645791,5.0,0.8960604510627738,BraTS-SSA-00226-000,glioma
0.0,,0.0,,0.0,,0.0,BraTS-SSA-00227-000,glioma
0.35912736482597185,22.360679774997898,0.3146446952492896,20.97617696340303,0.9043767867852132,7.0710678118654755,0.5260496156201583,BraTS-SSA-00228-000,glioma
0.8204115141874904,7.681145747868608,0.8498256287351554,9.486832980505138,0.9268661289521191,5.477225575051661,0.8657010906249217,BraTS-SSA-00230-000,glioma
