Dice_ET,HD95_ET,Dice_TC,HD95_TC,Dice_WT,HD95_WT,Dice_Mean,Patient_ID,fold
0.5739130434782609,11.941243083739664,0.5739130434782609,11.941243083739664,0.971314209472982,1.4142135623730951,0.7063800988098347,BraTS-SSA-00046-000,0
0.8560164011985492,5.0,0.8436532507739938,4.58257569495584,0.960819826646214,2.0,0.8868298262062524,BraTS-SSA-00050-000,0
0.9320405250147964,1.7320508075688772,0.9411626482263196,1.7320508075688772,0.9229685107305636,4.123105625617661,0.9320572279905598,BraTS-SSA-00076-000,0
0.9403019318129676,1.0,0.9626628075253256,1.4142135623730951,0.9603451791973974,1.7320508075688772,0.9544366395118968,BraTS-SSA-00116-000,0
0.8515847409375593,2.23606797749979,0.8691335740072202,2.449489742783178,0.9227072165114169,3.0,0.8811418438187321,BraTS-SSA-00119-000,0
0.9186091237787524,1.4142135623730951,0.9456349754981028,19.6163070916282,0.92817054663116,14.0356688476182,0.9308048819693384,BraTS-SSA-00125-000,0
0.9475938605315248,1.7320508075688772,0.9537407717482304,1.7320508075688772,0.9311149020708718,7.54983443527075,0.9441498447835424,BraTS-SSA-00127-000,0
0.929175670084134,1.4142135623730951,0.9594708010335916,2.0,0.9738033594262098,1.7320508075688772,0.9541499435146452,BraTS-SSA-00141-000,0
0.9455302299609116,1.0,0.9433752025931929,1.0,0.8164758330316828,12.417718836390389,0.9017937551952624,BraTS-SSA-00146-000,0
0.8671527317488874,1.7320508075688772,0.946934235528572,1.4142135623730951,0.9794029884106884,1.0,0.931163318562716,BraTS-SSA-00155-000,0
0.8914729950900163,1.4142135623730951,0.9578222147538228,2.449489742783178,0.918756405032658,4.58257569495584,0.922683871625499,BraTS-SSA-00161-000,0
0.937371249440215,1.0,0.9695264379712082,2.0,0.9494132762312634,3.741657386773941,0.9521036545475622,BraTS-SSA-00163-000,0
0.9618121278724556,1.7320508075688772,0.96998292551026,2.0,0.9636564600448096,2.0,0.9651505044758416,BraTS-SSA-00169-000,0
0.9541890117442046,1.4142135623730951,0.9529569581608344,2.449489742783178,0.9183256149636134,4.123105625617661,0.941823861622884,BraTS-SSA-00171-000,0
0.941288517629318,1.0,0.9504303338295432,1.4142135623730951,0.964828698047324,1.7320508075688772,0.9521825165020618,BraTS-SSA-00188-000,0
0.9255148198345028,1.4142135623730951,0.96070179119775,2.0,0.9706337329120877,2.0,0.9522834479814468,BraTS-SSA-00198-000,0
0.9583604424202992,1.0,0.9687966126160804,1.4142135623730951,0.9532251788946594,3.0,0.9601274113103464,BraTS-SSA-00220-000,0
0.968421992942963,1.0,0.9668385490753912,1.0,0.9674317506243748,1.4142135623730951,0.9675640975475762,BraTS-SSA-00221-000,0
0.906262879286628,1.4142135623730951,0.9681382866764892,1.7320508075688772,0.9531922170504524,2.449489742783178,0.94253112767119,BraTS-SSA-00228-000,0
0.9442254421478798,1.4142135623730951,0.954045182467658,1.4142135623730951,0.9152395905079294,4.123105625617661,0.937836738374489,BraTS-SSA-00026-000,1
0.9252410513802668,1.0,0.9398111515535158,1.4142135623730951,0.9112912255919516,5.656854249492381,0.925447809508578,BraTS-SSA-00041-000,1
0.8484655313723705,2.23606797749979,0.9181025826404788,1.7320508075688772,0.912,2.23606797749979,0.892856038004283,BraTS-SSA-00047-000,1
0.8840770877944325,2.23606797749979,0.9643955117035328,1.7320508075688772,0.9674990596143812,1.4142135623730951,0.9386572197041154,BraTS-SSA-00056-000,1
0.9800363881065725,4.0,0.9877110995722376,1.0,0.9651964372864812,1.4142135623730951,0.9776479749884304,BraTS-SSA-00080-000,1
0.733174980205859,2.8284271247461903,0.6177817349274993,5.385164807134504,0.9534638958251646,2.449489742783178,0.768140203652841,BraTS-SSA-00097-000,1
0.6658221649758891,5.0,0.874919826584299,5.744562646538029,0.9404569900531816,4.0,0.8270663272044566,BraTS-SSA-00121-000,1
0.8988811484061643,1.4142135623730951,0.898397976391231,1.4142135623730951,0.905675459632294,1.4142135623730951,0.9009848614765632,BraTS-SSA-00129-000,1
0.931665715303014,1.0,0.9705621844805696,1.4142135623730951,0.9628953301059924,2.0,0.9550410766298586,BraTS-SSA-00133-000,1
0.9249655328712536,1.4142135623730951,0.927314777892974,4.123105625617661,0.9516627490045644,3.0,0.9346476865895972,BraTS-SSA-00143-000,1
0.9215699520367492,1.0,0.936064556176288,1.4142135623730951,0.8774348872838695,7.071067811865476,0.911689798498969,BraTS-SSA-00144-000,1
0.925133947965439,1.4142135623730951,0.9660080638123332,2.0,0.9707259029883376,2.0,0.9539559715887032,BraTS-SSA-00175-000,1
0.90701861556763,3.0,0.9088413120308438,3.1622776601683795,0.9180683813378724,2.449489742783178,0.9113094363121156,BraTS-SSA-00180-000,1
0.9407020041051666,1.4142135623730951,0.95650848491007,2.0,0.9378467580708126,3.605551275463989,0.9450190823620164,BraTS-SSA-00192-000,1
0.8522101633136353,4.123105625617661,0.8784526374397831,5.830951894845301,0.9576492773063502,3.1622776601683795,0.8961040260199229,BraTS-SSA-00206-000,1
0.9242335644474146,2.23606797749979,0.863504916136495,4.58257569495584,0.9479712869764512,3.0,0.9119032558534536,BraTS-SSA-00207-000,1
0.0,,0.0,,0.1429864253393665,6.48074069840786,0.0476621417797888,BraTS-SSA-00215-000,1
0.9226843230567624,1.0,0.9571235651586766,1.0,0.8913099646886573,4.123105625617661,0.923705950968032,BraTS-SSA-00226-000,1
0.8830545079457177,6.0,0.9024711793399446,6.935382907247853,0.9427774674727296,4.0,0.909434384919464,BraTS-SSA-00230-000,1
0.8721338999947531,1.4142135623730951,0.8990093830712395,4.58257569495584,0.9691065139916916,1.7320508075688772,0.913416599019228,BraTS-SSA-00008-000,2
0.9020081846908292,5.196152422706632,0.467418057826474,19.026297590440446,0.9703863525551004,1.7320508075688772,0.7799375316908014,BraTS-SSA-00028-000,2
0.8765205572545022,3.741657386773941,0.872484084624783,5.044558781116735,0.972893469476613,1.0,0.907299370451966,BraTS-SSA-00051-000,2
0.9618429445090608,1.4142135623730951,0.9669083996338802,1.4142135623730951,0.9693614916541742,1.4142135623730951,0.9660376119323718,BraTS-SSA-00055-000,2
0.878574705612479,8.06225774829855,0.8915608710946245,10.04987562112089,0.9516819106657286,2.0,0.907272495790944,BraTS-SSA-00068-000,2
0.9102591693055,1.7320508075688772,0.9427920075097224,1.7320508075688772,0.9422679505782,3.741657386773941,0.931773042464474,BraTS-SSA-00074-000,2
0.3005507474429583,8.703411924772109,0.1941203919738684,8.79484315501962,0.8504062622520854,6.164414002968976,0.4483591338896374,BraTS-SSA-00092-000,2
0.7186725264818571,8.54400374531753,0.8024746168397483,10.04987562112089,0.9523532562944824,3.0,0.8245001332053624,BraTS-SSA-00115-000,2
0.9426941967170738,1.0,0.9643714657864588,2.23606797749979,0.967497070071552,2.23606797749979,0.9581875775250284,BraTS-SSA-00132-000,2
0.8271497444331576,7.071067811865476,0.8979521750190791,51.35172830587107,0.9426850874503536,40.317489524402326,0.8892623356341968,BraTS-SSA-00135-000,2
0.9210469235774708,2.23606797749979,0.6142612664004563,19.4164878389476,0.960661503398614,2.0,0.8319898977921804,BraTS-SSA-00139-000,2
0.9205957491180202,4.47213595499958,0.9384646878198568,5.0990195135927845,0.9250781707267453,5.656854249492381,0.928046202554874,BraTS-SSA-00140-000,2
0.9576273662070576,1.0,0.9818382242770608,1.0,0.9732207882592088,1.0,0.9708954595811088,BraTS-SSA-00150-000,2
0.928325761659095,2.23606797749979,0.8855778955459364,6.6332495807108,0.9326121813443008,7.874007874011811,0.915505279516444,BraTS-SSA-00152-000,2
0.936512282469417,2.23606797749979,0.9041601884570084,5.0990195135927845,0.8878514430606309,5.385164807134504,0.9095079713290188,BraTS-SSA-00157-000,2
0.9678236565653784,1.0,0.981338545289915,1.0,0.97920977628548,1.0,0.9761239927135912,BraTS-SSA-00174-000,2
0.9055352162785628,1.4142135623730951,0.9590825541436906,1.4142135623730951,0.9500599900548806,3.0,0.9382259201590446,BraTS-SSA-00210-000,2
0.9358429300642532,1.4142135623730951,0.9655515772970912,1.4142135623730951,0.9402435670101886,2.23606797749979,0.9472126914571776,BraTS-SSA-00218-000,2
0.7100175746924429,1.7320508075688772,0.5684348395546824,3.5277539622845504,0.6142309033833275,4.47213595499958,0.6308944392101509,BraTS-SSA-00227-000,2
0.9543069660276235,1.0,0.976698869999909,1.4142135623730951,0.9637736535974762,2.8284271247461903,0.9649264965416696,BraTS-SSA-00007-000,3
0.8858335079265311,1.4142135623730951,0.9578957258889608,2.0,0.9671399025056892,1.7320508075688772,0.9369563787737272,BraTS-SSA-00010-000,3
0.8971563110524822,1.4142135623730951,0.9593087114711334,1.7320508075688772,0.9823847355296288,1.0,0.9462832526844148,BraTS-SSA-00011-000,3
0.803977344559913,6.723029142624333,0.9218640172682816,7.280109889280518,0.9484069796343664,5.477225575051661,0.8914161138208536,BraTS-SSA-00015-000,3
0.9009217577706324,1.7320508075688772,0.9392236587631536,2.449489742783178,0.9146932331645709,11.357816691600547,0.9182795498994524,BraTS-SSA-00044-000,3
0.9080115700255617,2.0,0.936158600646737,2.23606797749979,0.974855768050475,1.4142135623730951,0.9396753129075912,BraTS-SSA-00049-000,3
0.8434782608695652,4.0,0.2006912234098037,41.34549508477564,0.953597540284019,3.605551275463989,0.6659223415211293,BraTS-SSA-00096-000,3
0.4023238925199709,14.021401308570915,0.4034833091436865,14.019617866190009,0.7432971864574561,10.723805294763608,0.5163681293737046,BraTS-SSA-00110-000,3
0.7445849001623489,9.273618495495704,0.9129956039005998,4.123105625617661,0.9374607658505963,3.605551275463989,0.8650137566378483,BraTS-SSA-00113-000,3
0.7292115777068782,3.0,0.8987066508463984,6.082762530298219,0.9110835656562092,5.0990195135927845,0.8463339314031618,BraTS-SSA-00117-000,3
0.843781181619256,2.23606797749979,0.9470191146166418,3.3166247903554,0.954385798673848,2.449489742783178,0.915062031636582,BraTS-SSA-00126-000,3
0.923436359211487,1.4142135623730951,0.9477312879734564,1.4142135623730951,0.970678344198551,1.4142135623730951,0.9472819971278312,BraTS-SSA-00136-000,3
0.965092797384364,1.0,0.9709960983406196,1.0,0.9255950639730336,19.235384061671343,0.9538946532326724,BraTS-SSA-00137-000,3
0.9504402631246628,1.0,0.8133005563462284,13.341664064126334,0.9713832209979066,1.4142135623730951,0.9117080134895992,BraTS-SSA-00138-000,3
0.9424532412413058,1.0,0.9591066072346172,2.0,0.9581360376214968,1.7320508075688772,0.9532319620324732,BraTS-SSA-00148-000,3
0.8365279541628519,3.0,0.9638801433069156,2.0,0.9458825022205304,3.3166247903554,0.915430199896766,BraTS-SSA-00154-000,3
0.848170693702865,2.23606797749979,0.9337581919419214,3.0,0.9551419433545452,3.0,0.9123569429997772,BraTS-SSA-00179-000,3
0.8468114329015606,3.741657386773941,0.8968908396385807,5.0,0.8638813169696132,17.08800749063506,0.869194529836585,BraTS-SSA-00213-000,3
0.8633507708489025,3.1622776601683795,0.8259438705548954,5.0,0.9713937686758912,1.4142135623730951,0.8868961366932298,BraTS-SSA-00223-000,3
0.8816173299850342,1.4142135623730951,0.8262573805467807,15.811388300841896,0.9660798004171992,1.4142135623730951,0.891318170316338,BraTS-SSA-00002-000,4
0.8986550086807371,1.7320508075688772,0.9422939707456296,1.7320508075688772,0.9783347464812616,1.0,0.9397612419692094,BraTS-SSA-00012-000,4
0.9043601468409866,1.7320508075688772,0.9367769190149297,2.0,0.9649728076138682,1.4142135623730951,0.9353699578232616,BraTS-SSA-00014-000,4
0.8902095549677785,2.0,0.954868850319718,3.0,0.9727281401584708,2.0,0.9392688484819892,BraTS-SSA-00025-000,4
0.932286995515695,1.0,0.9562246423232972,1.0,0.9190735611893964,7.071067811865476,0.9358617330094628,BraTS-SSA-00037-000,4
0.8824493016227493,3.0,0.9394741169260206,2.449489742783178,0.965961352672536,2.449489742783178,0.9292949237404352,BraTS-SSA-00057-000,4
0.9664942657971666,1.0,0.9815944808348483,1.0,0.9730529110754468,1.4142135623730951,0.9737138859024872,BraTS-SSA-00078-000,4
0.7392208360691618,7.0,0.6782926177684111,9.899494936611664,0.9361273932982151,3.3166247903554,0.7845469490452627,BraTS-SSA-00081-000,4
0.9129574678536104,1.4142135623730951,0.8582020389249305,33.85262175962151,0.8842619162970968,37.38983819167984,0.8851404743585459,BraTS-SSA-00093-000,4
0.8923687334341512,1.4142135623730951,0.9596728617332192,2.23606797749979,0.9111480020724732,7.071067811865476,0.9210631990799478,BraTS-SSA-00095-000,4
0.905981894562452,1.4142135623730951,0.8998088384122344,2.0,0.6465915580707129,63.26057219451234,0.8174607636817998,BraTS-SSA-00112-000,4
0.8132644559240126,5.916079783099616,0.9070984944558256,3.0,0.8560087745697986,51.01960407529639,0.8587905749832122,BraTS-SSA-00120-000,4
0.9508946209854942,1.0,0.9840524146372196,1.0,0.9719960479958828,1.4142135623730951,0.9689810278728656,BraTS-SSA-00122-000,4
0.8378036807252826,5.0990195135927845,0.781659854274036,10.770329614269007,0.9018058601388635,7.071067811865476,0.8404231317127273,BraTS-SSA-00130-000,4
0.9437087059327228,1.4142135623730951,0.9683567546393772,2.0,0.9713099916946862,1.4142135623730951,0.9611251507555956,BraTS-SSA-00131-000,4
0.0,61.140816601441486,0.0,57.29090914364127,0.9645207495858004,2.8284271247461903,0.3215069165286001,BraTS-SSA-00134-000,4
0.8668804397617957,2.8284271247461903,0.8875140607424072,3.1622776601683795,0.882591715218644,3.1622776601683795,0.878995405240949,BraTS-SSA-00158-000,4
0.72038287821655,5.744562646538029,0.77227503461006,5.385164807134504,0.8916880221228047,14.352700094407323,0.7947819783164715,BraTS-SSA-00202-000,4
0.9453626514073256,1.7320508075688772,0.970465981185736,1.0,0.9604553346765584,2.23606797749979,0.9587613224232068,BraTS-SSA-00225-000,4
