upenn,brats,wt_dice,flair_corr,brats_split,duplicate,upenn_split
sub-393,BraTS2021_00389,1.0,0.8929259369915861,train,True,train
sub-172,BraTS2021_01248,1.0,0.9844151776609384,val,True,test
sub-176,BraTS2021_01250,1.0,0.9456067641502299,train,True,val
sub-272,BraTS2021_01275,1.0,0.9582605033435515,train,True,train
sub-285,BraTS2021_01278,1.0,0.9283869641195134,train,True,train
sub-368,BraTS2021_00184,1.0,0.9826412056933235,val,True,val
sub-438,BraTS2021_00293,1.0,0.9640631788378635,train,True,train
sub-402,BraTS2021_00266,1.0,0.9881377608927167,test,True,train
sub-312,BraTS2021_00209,1.0,0.9700821691082803,train,True,val
sub-069,BraTS2021_01219,0.9999693,0.9790421784930327,train,True,train
sub-017,BraTS2021_01208,0.9998809,0.9753018464812583,train,True,train
sub-294,BraTS2021_01286,0.99968344,0.9627662438133785,train,True,train
sub-373,BraTS2021_00419,0.9995062,0.9396723315331043,train,True,test
sub-362,BraTS2021_01287,0.9976537,0.9399877582786562,train,True,train
sub-151,BraTS2021_00290,0.99733156,0.9181634207914449,train,True,train
sub-290,BraTS2021_00373,0.99709886,0.8911119274032092,train,True,train
sub-259,BraTS2021_01272,0.99697065,0.9780277808870261,train,True,val
sub-143,BraTS2021_00391,0.99656755,0.927865242049645,train,True,train
sub-367,BraTS2021_00347,0.9963991,0.9541142354653565,train,True,test
sub-380,BraTS2021_00321,0.9940533,0.8927396588986624,val,True,test
sub-428,BraTS2021_00241,0.9937385,0.9662327516750667,train,True,train
sub-344,BraTS2021_00160,0.99208343,0.9753598877318189,train,True,test
sub-192,BraTS2021_01252,0.991904,0.8852002046939429,train,True,test
sub-196,BraTS2021_01254,0.9860003,0.9535965138680325,train,True,train
sub-166,BraTS2021_01247,0.98566806,0.8899138214356207,train,True,train
sub-275,BraTS2021_01276,0.9854251,0.7509135892370296,train,False,test
sub-146,BraTS2021_00348,0.98520005,0.8785237858044351,test,True,test
sub-135,BraTS2021_00284,0.9847631,0.9400596891923575,train,True,train
sub-197,BraTS2021_00240,0.9819213,0.9366960541403343,test,True,train
sub-139,BraTS2021_01241,0.98146415,0.9478472972773929,train,True,train
sub-205,BraTS2021_01256,0.9805687,0.9187524942248965,train,True,train
sub-040,BraTS2021_01214,0.98022175,0.9540458632579617,train,True,train
sub-174,BraTS2021_01249,0.9781274,0.9307123269143016,test,True,train
sub-075,BraTS2021_01220,0.9770533,0.9542533120338214,train,True,val
sub-118,BraTS2021_01238,0.97692674,0.8947496600884154,val,True,test
sub-238,BraTS2021_01264,0.9751211,0.6722200629883032,train,False,test
sub-201,BraTS2021_01255,0.97265416,0.8239413925999227,val,True,val
sub-016,BraTS2021_01207,0.9726523,0.9807200824093277,test,True,train
sub-474,BraTS2021_00299,0.97119343,0.9436245387226457,test,True,train
sub-113,BraTS2021_01235,0.9695349,0.940859251810228,train,True,val
sub-060,BraTS2021_01217,0.96875995,0.9552128561077433,train,True,train
sub-215,BraTS2021_01259,0.9685893,0.8901555476685724,train,True,train
sub-011,BraTS2021_00131,0.9680987,0.938357539216714,test,True,test
sub-137,BraTS2021_01240,0.9679262,0.7996236635220185,test,False,train
sub-112,BraTS2021_01234,0.9676351,0.8271013567775423,train,True,train
sub-096,BraTS2021_01227,0.9671387,0.8888613493938203,train,True,test
sub-193,BraTS2021_01253,0.9657076,0.9389968289629237,train,True,train
sub-138,BraTS2021_00254,0.96155095,0.9320932564972219,train,True,train
sub-228,BraTS2021_01263,0.96107495,0.9083351985847526,test,True,train
sub-356,BraTS2021_00313,0.9598309,0.7302813607858911,val,False,train
sub-404,BraTS2021_00271,0.9596603,0.9428610783222555,train,True,train
sub-277,BraTS2021_01277,0.9585464,0.8716099800517823,train,True,train
sub-148,BraTS2021_00375,0.95727086,0.9392271013142888,train,True,train
sub-262,BraTS2021_00300,0.95675755,0.8658180649000593,train,True,train
sub-398,BraTS2021_00172,0.95553166,0.9589651974462899,test,True,train
sub-124,BraTS2021_00230,0.9546436,0.910417552557081,train,True,val
sub-088,BraTS2021_01226,0.9546005,0.9567823008136088,train,True,train
sub-360,BraTS2021_00159,0.9545172,0.8969203308156521,train,True,train
sub-249,BraTS2021_01266,0.9530382,0.9225919192341457,train,True,train
sub-189,BraTS2021_01251,0.952765,0.8980102576580866,train,True,train
sub-073,BraTS2021_00152,0.95265085,0.9071042710392047,train,True,train
sub-376,BraTS2021_00336,0.9524465,0.970675439663982,train,True,train
sub-251,BraTS2021_01267,0.952222,0.9370685217068787,train,True,test
sub-086,BraTS2021_01225,0.9515685,0.9020955654108033,train,True,test
sub-117,BraTS2021_00417,0.9510878,0.861852860310034,train,True,train
sub-371,BraTS2021_00282,0.9499771,0.8489752308884714,train,True,train
sub-030,BraTS2021_01212,0.949563,0.857977722043532,test,True,train
sub-418,BraTS2021_00220,0.9494566,0.9456868289287141,val,True,train
sub-226,BraTS2021_01261,0.9493695,0.9068210630397249,train,True,train
sub-018,BraTS2021_01209,0.9481585,0.9195766011384731,test,True,train
sub-217,BraTS2021_01260,0.94695157,0.8927038340528131,test,True,test
sub-351,BraTS2021_00328,0.9454136,0.8389802198702243,val,True,train
sub-149,BraTS2021_01242,0.94386154,0.895656404274928,train,True,train
sub-254,BraTS2021_01270,0.94309926,0.9619553655094595,train,True,train
sub-147,BraTS2021_00274,0.94266295,0.8903337533694906,train,True,train
sub-206,BraTS2021_01257,0.9420453,0.8592148818663418,train,True,test
sub-208,BraTS2021_01258,0.9418361,0.9655649750817368,train,True,val
sub-264,BraTS2021_00329,0.94121414,0.847419053872381,train,True,train
sub-033,BraTS2021_01213,0.9400985,0.8729598798605467,train,True,train
sub-102,BraTS2021_01230,0.94007635,0.6764989245650351,train,False,train
sub-119,BraTS2021_01239,0.93952984,0.8092200077036102,train,True,train
sub-082,BraTS2021_01223,0.9393512,0.9012795534710056,train,True,train
sub-330,BraTS2021_01280,0.93856955,0.9031284245576998,train,True,test
sub-101,BraTS2021_01229,0.9360986,0.9568895617287708,train,True,train
sub-141,BraTS2021_00324,0.9343206,0.9190842329872997,train,True,train
sub-114,BraTS2021_01236,0.9332225,0.8972508792080447,train,True,train
sub-014,BraTS2021_01206,0.93109894,0.9290424889120058,train,True,train
sub-136,BraTS2021_00310,0.9301501,0.8529035956228426,train,True,train
sub-134,BraTS2021_00292,0.92704415,0.8280067848119494,train,True,test
sub-284,BraTS2021_01285,0.9267589,0.8925470062226973,train,True,train
sub-122,BraTS2021_00154,0.92537785,0.8838371300973789,train,True,train
sub-105,BraTS2021_01231,0.9237108,0.8081129689905582,val,True,train
sub-261,BraTS2021_00320,0.9229678,0.8909217201240048,train,True,train
sub-240,BraTS2021_01265,0.9198463,0.7406916569105746,test,False,test
sub-270,BraTS2021_01274,0.9195402,0.9065712057039912,val,True,test
sub-013,BraTS2021_01205,0.91874087,0.9265252296256917,train,True,val
sub-091,BraTS2021_00423,0.91800344,0.808159926607772,train,True,train
sub-252,BraTS2021_01268,0.91760063,0.9465773922120195,train,True,train
sub-076,BraTS2021_01221,0.91306627,0.811530592631974,train,True,train
sub-002,BraTS2021_01202,0.9129835,0.9129074331009275,train,True,test
sub-388,BraTS2021_00331,0.9114188,0.9139288621162452,train,True,train
sub-043,BraTS2021_01215,0.9064367,0.8018227964831816,train,True,test
sub-307,BraTS2021_01279,0.9049449,0.9326615148820422,val,True,train
sub-006,BraTS2021_01203,0.9039676,0.8344413853722363,train,True,train
sub-390,BraTS2021_00280,0.8998431,0.7486083414601182,val,False,train
sub-108,BraTS2021_01233,0.89786786,0.8925201699406045,train,True,train
sub-266,BraTS2021_01273,0.8951126,0.7651341115644691,train,False,train
sub-144,BraTS2021_00407,0.88611925,0.8375284682928377,train,True,train
sub-140,BraTS2021_00227,0.8831133,0.8247209163493768,test,True,train
sub-080,BraTS2021_01222,0.8780488,0.8939047018118584,train,True,train
sub-375,BraTS2021_01288,0.8737139,0.697532569878116,train,False,train
sub-066,BraTS2021_01218,0.867861,0.8106419090959752,train,True,test
sub-253,BraTS2021_01269,0.8678536,0.7554032880510929,test,False,test
sub-158,BraTS2021_01245,0.8653829,0.7389505161208847,train,False,val
sub-008,BraTS2021_01204,0.8623237,0.8838073056548625,train,True,test
sub-156,BraTS2021_01244,0.85145915,0.8365295587150499,train,True,train
sub-100,BraTS2021_01228,0.8463991,0.7624992657988744,train,False,train
sub-227,BraTS2021_01262,0.8439437,0.8380417325774839,train,True,val
sub-121,BraTS2021_00318,0.83535075,0.7882176022374318,train,False,train
sub-256,BraTS2021_01271,0.82619023,0.5748835465069759,train,False,train
sub-083,BraTS2021_01224,0.8226261,0.6644981017858134,train,False,train
sub-054,BraTS2021_01112,0.8175463,0.5986029023587318,train,False,train
sub-115,BraTS2021_01036,0.8170931,0.7041509270878772,train,False,train
sub-059,BraTS2021_01216,0.79726964,0.8413615982606121,train,True,train
sub-021,BraTS2021_01210,0.788816,0.5716909038843144,train,False,train
sub-035,BraTS2021_01032,0.78045493,0.4661597430889007,train,False,train
sub-180,BraTS2021_01573,0.78001225,0.43575383630698256,train,False,train
sub-430,BraTS2021_01304,0.76304704,0.47185108322981434,train,False,train
sub-107,BraTS2021_01232,0.74814665,0.5934817195668474,train,False,train
sub-029,BraTS2021_00240,0.7449692,0.5904947529332089,test,False,val
sub-154,BraTS2021_01243,0.7369644,0.6784507861398311,val,False,train
sub-384,BraTS2021_01329,0.7290809,0.31664588005770344,train,False,test
sub-131,BraTS2021_01592,0.6875646,0.19306286707631096,train,False,train
sub-391,BraTS2021_01436,0.6866229,0.13186391126573027,train,False,train
sub-009,BraTS2021_00421,0.6846847,0.5745616373321928,val,False,test
sub-093,BraTS2021_00661,0.68156767,0.2194395685309038,train,False,train
sub-041,BraTS2021_01484,0.68072724,0.031488291837079525,train,False,train
sub-031,BraTS2021_01448,0.67926025,0.382322594859463,train,False,train
sub-178,BraTS2021_00639,0.6624122,0.08888019636820409,train,False,test
sub-439,BraTS2021_01623,0.6361923,0.5103207274755625,train,False,train
sub-274,BraTS2021_01548,0.6270018,0.1382980153278621,train,False,train
sub-173,BraTS2021_01171,0.62592643,0.13805883896061155,train,False,train
sub-437,BraTS2021_01201,0.61230433,0.20147401359604086,train,False,train
sub-026,BraTS2021_00228,0.60954344,0.2678375947614848,train,False,val
sub-062,BraTS2021_01449,0.57270294,0.08711644178492634,train,False,test
sub-020,BraTS2021_00220,0.5125401,0.28313329822018773,val,False,train
sub-106,BraTS2021_00241,0.3642471,-0.01772411367453912,train,False,train
